Time;Value
0;0.739713
0.001;0.742465
0.002;0.745208
0.003;0.747941
0.004;0.750664
0.005;0.753377
0.006;0.756081
0.007;0.758774
0.008;0.761457
0.009;0.764129
0.01;0.766792
0.011;0.769443
0.012;0.772084
0.013;0.774715
0.014;0.777334
0.015;0.779943
0.016;0.78254
0.017;0.785127
0.018;0.787702
0.019;0.790265
0.02;0.792818
0.021;0.795358
0.022;0.797887
0.023;0.800405
0.024;0.80291
0.025;0.805404
0.026;0.807885
0.027;0.810354
0.028;0.812811
0.029;0.815256
0.03;0.817688
0.031;0.820108
0.032;0.822515
0.033;0.824909
0.034;0.827291
0.035;0.829659
0.036;0.832015
0.037;0.834357
0.038;0.836686
0.039;0.839002
0.04;0.841305
0.041;0.843594
0.042;0.845869
0.043;0.848131
0.044;0.850379
0.045;0.852614
0.046;0.854834
0.047;0.85704
0.048;0.859232
0.049;0.861411
0.05;0.863574
0.051;0.865724
0.052;0.867859
0.053;0.869979
0.054;0.872085
0.055;0.874176
0.056;0.876253
0.057;0.878314
0.058;0.880361
0.059;0.882393
0.06;0.884409
0.061;0.88641
0.062;0.888397
0.063;0.890367
0.064;0.892323
0.065;0.894263
0.066;0.896187
0.067;0.898095
0.068;0.899988
0.069;0.901866
0.07;0.903727
0.071;0.905572
0.072;0.907402
0.073;0.909215
0.074;0.911012
0.075;0.912793
0.076;0.914557
0.077;0.916305
0.078;0.918037
0.079;0.919753
0.08;0.921451
0.081;0.923133
0.082;0.924799
0.083;0.926447
0.084;0.928079
0.085;0.929694
0.086;0.931292
0.087;0.932873
0.088;0.934436
0.089;0.935983
0.09;0.937512
0.091;0.939024
0.092;0.940519
0.093;0.941997
0.094;0.943457
0.095;0.944899
0.096;0.946324
0.097;0.947731
0.098;0.949121
0.099;0.950493
0.1;0.951847
0.101;0.953183
0.102;0.954501
0.103;0.955802
0.104;0.957084
0.105;0.958349
0.106;0.959595
0.107;0.960823
0.108;0.962033
0.109;0.963225
0.11;0.964398
0.111;0.965553
0.112;0.96669
0.113;0.967808
0.114;0.968908
0.115;0.969989
0.116;0.971052
0.117;0.972096
0.118;0.973121
0.119;0.974128
0.12;0.975116
0.121;0.976086
0.122;0.977036
0.123;0.977968
0.124;0.978881
0.125;0.979775
0.126;0.98065
0.127;0.981506
0.128;0.982343
0.129;0.983161
0.13;0.98396
0.131;0.98474
0.132;0.9855
0.133;0.986242
0.134;0.986964
0.135;0.987667
0.136;0.988351
0.137;0.989015
0.138;0.989661
0.139;0.990287
0.14;0.990893
0.141;0.99148
0.142;0.992048
0.143;0.992596
0.144;0.993125
0.145;0.993635
0.146;0.994125
0.147;0.994595
0.148;0.995046
0.149;0.995477
0.15;0.995889
0.151;0.996281
0.152;0.996654
0.153;0.997007
0.154;0.997341
0.155;0.997654
0.156;0.997948
0.157;0.998223
0.158;0.998478
0.159;0.998713
0.16;0.998928
0.161;0.999124
0.162;0.9993
0.163;0.999456
0.164;0.999593
0.165;0.99971
0.166;0.999807
0.167;0.999884
0.168;0.999942
0.169;0.99998
0.17;0.999998
0.171;0.999997
0.172;0.999975
0.173;0.999934
0.174;0.999874
0.175;0.999793
0.176;0.999693
0.177;0.999573
0.178;0.999433
0.179;0.999274
0.18;0.999095
0.181;0.998896
0.182;0.998678
0.183;0.99844
0.184;0.998182
0.185;0.997904
0.186;0.997607
0.187;0.99729
0.188;0.996954
0.189;0.996598
0.19;0.996222
0.191;0.995827
0.192;0.995412
0.193;0.994977
0.194;0.994524
0.195;0.99405
0.196;0.993557
0.197;0.993045
0.198;0.992513
0.199;0.991961
0.2;0.991391
0.201;0.9908
0.202;0.990191
0.203;0.989562
0.204;0.988914
0.205;0.988246
0.206;0.987559
0.207;0.986853
0.208;0.986128
0.209;0.985384
0.21;0.98462
0.211;0.983837
0.212;0.983035
0.213;0.982214
0.214;0.981374
0.215;0.980515
0.216;0.979638
0.217;0.978741
0.218;0.977825
0.219;0.97689
0.22;0.975937
0.221;0.974965
0.222;0.973974
0.223;0.972964
0.224;0.971935
0.225;0.970888
0.226;0.969823
0.227;0.968739
0.228;0.967636
0.229;0.966515
0.23;0.965375
0.231;0.964217
0.232;0.963041
0.233;0.961847
0.234;0.960634
0.235;0.959403
0.236;0.958154
0.237;0.956887
0.238;0.955601
0.239;0.954298
0.24;0.952977
0.241;0.951638
0.242;0.950281
0.243;0.948907
0.244;0.947514
0.245;0.946104
0.246;0.944677
0.247;0.943232
0.248;0.941769
0.249;0.940289
0.25;0.938791
0.251;0.937276
0.252;0.935744
0.253;0.934195
0.254;0.932629
0.255;0.931045
0.256;0.929445
0.257;0.927827
0.258;0.926193
0.259;0.924542
0.26;0.922874
0.261;0.921189
0.262;0.919488
0.263;0.91777
0.264;0.916036
0.265;0.914285
0.266;0.912518
0.267;0.910734
0.268;0.908935
0.269;0.907119
0.27;0.905287
0.271;0.903439
0.272;0.901576
0.273;0.899696
0.274;0.897801
0.275;0.89589
0.276;0.893963
0.277;0.892021
0.278;0.890063
0.279;0.88809
0.28;0.886101
0.281;0.884098
0.282;0.882079
0.283;0.880045
0.284;0.877996
0.285;0.875932
0.286;0.873853
0.287;0.87176
0.288;0.869652
0.289;0.867529
0.29;0.865392
0.291;0.86324
0.292;0.861074
0.293;0.858894
0.294;0.856699
0.295;0.854491
0.296;0.852268
0.297;0.850032
0.298;0.847782
0.299;0.845518
0.3;0.84324
0.301;0.840949
0.302;0.838644
0.303;0.836326
0.304;0.833995
0.305;0.83165
0.306;0.829293
0.307;0.826922
0.308;0.824539
0.309;0.822143
0.31;0.819734
0.311;0.817312
0.312;0.814878
0.313;0.812431
0.314;0.809972
0.315;0.807501
0.316;0.805018
0.317;0.802523
0.318;0.800015
0.319;0.797496
0.32;0.794965
0.321;0.792423
0.322;0.789869
0.323;0.787303
0.324;0.784727
0.325;0.782139
0.326;0.779539
0.327;0.776929
0.328;0.774308
0.329;0.771676
0.33;0.769033
0.331;0.76638
0.332;0.763716
0.333;0.761042
0.334;0.758357
0.335;0.755662
0.336;0.752957
0.337;0.750243
0.338;0.747518
0.339;0.744783
0.34;0.742039
0.341;0.739285
0.342;0.736522
0.343;0.73375
0.344;0.730968
0.345;0.728177
0.346;0.725377
0.347;0.722569
0.348;0.719751
0.349;0.716925
0.35;0.71409
0.351;0.711247
0.352;0.708395
0.353;0.705535
0.354;0.702667
0.355;0.699791
0.356;0.696908
0.357;0.694016
0.358;0.691117
0.359;0.68821
0.36;0.685296
0.361;0.682374
0.362;0.679446
0.363;0.67651
0.364;0.673567
0.365;0.670617
0.366;0.667661
0.367;0.664698
0.368;0.661728
0.369;0.658753
0.37;0.65577
0.371;0.652782
0.372;0.649788
0.373;0.646788
0.374;0.643781
0.375;0.64077
0.376;0.637752
0.377;0.63473
0.378;0.631702
0.379;0.628669
0.38;0.62563
0.381;0.622587
0.382;0.619539
0.383;0.616486
0.384;0.613429
0.385;0.610367
0.386;0.6073
0.387;0.60423
0.388;0.601155
0.389;0.598077
0.39;0.594994
0.391;0.591908
0.392;0.588818
0.393;0.585725
0.394;0.582628
0.395;0.579528
0.396;0.576425
0.397;0.573319
0.398;0.57021
0.399;0.567098
0.4;0.563983
0.401;0.560866
0.402;0.557747
0.403;0.554625
0.404;0.551501
0.405;0.548376
0.406;0.545248
0.407;0.542118
0.408;0.538987
0.409;0.535854
0.41;0.53272
0.411;0.529584
0.412;0.526448
0.413;0.52331
0.414;0.520171
0.415;0.517032
0.416;0.513892
0.417;0.510751
0.418;0.50761
0.419;0.504469
0.42;0.501327
0.421;0.498186
0.422;0.495044
0.423;0.491903
0.424;0.488762
0.425;0.485621
0.426;0.482481
0.427;0.479342
0.428;0.476204
0.429;0.473066
0.43;0.46993
0.431;0.466794
0.432;0.46366
0.433;0.460528
0.434;0.457397
0.435;0.454268
0.436;0.45114
0.437;0.448014
0.438;0.444891
0.439;0.44177
0.44;0.438651
0.441;0.435534
0.442;0.43242
0.443;0.429308
0.444;0.4262
0.445;0.423094
0.446;0.419991
0.447;0.416892
0.448;0.413796
0.449;0.410703
0.45;0.407614
0.451;0.404528
0.452;0.401446
0.453;0.398368
0.454;0.395294
0.455;0.392224
0.456;0.389159
0.457;0.386097
0.458;0.383041
0.459;0.379989
0.46;0.376941
0.461;0.373899
0.462;0.370861
0.463;0.367829
0.464;0.364802
0.465;0.36178
0.466;0.358763
0.467;0.355752
0.468;0.352747
0.469;0.349748
0.47;0.346754
0.471;0.343767
0.472;0.340786
0.473;0.337811
0.474;0.334843
0.475;0.331881
0.476;0.328925
0.477;0.325977
0.478;0.323035
0.479;0.3201
0.48;0.317173
0.481;0.314252
0.482;0.311339
0.483;0.308433
0.484;0.305535
0.485;0.302645
0.486;0.299762
0.487;0.296888
0.488;0.294021
0.489;0.291162
0.49;0.288312
0.491;0.28547
0.492;0.282637
0.493;0.279812
0.494;0.276996
0.495;0.274188
0.496;0.27139
0.497;0.2686
0.498;0.26582
0.499;0.263049
0.5;0.260287
0.501;0.257535
0.502;0.254792
0.503;0.252059
0.504;0.249336
0.505;0.246623
0.506;0.243919
0.507;0.241226
0.508;0.238543
0.509;0.235871
0.51;0.233208
0.511;0.230557
0.512;0.227916
0.513;0.225285
0.514;0.222666
0.515;0.220057
0.516;0.21746
0.517;0.214873
0.518;0.212298
0.519;0.209735
0.52;0.207182
0.521;0.204642
0.522;0.202113
0.523;0.199595
0.524;0.19709
0.525;0.194596
0.526;0.192115
0.527;0.189646
0.528;0.187189
0.529;0.184744
0.53;0.182312
0.531;0.179892
0.532;0.177485
0.533;0.175091
0.534;0.172709
0.535;0.170341
0.536;0.167985
0.537;0.165643
0.538;0.163314
0.539;0.160998
0.54;0.158695
0.541;0.156406
0.542;0.154131
0.543;0.151869
0.544;0.149621
0.545;0.147386
0.546;0.145166
0.547;0.14296
0.548;0.140768
0.549;0.138589
0.55;0.136426
0.551;0.134276
0.552;0.132141
0.553;0.130021
0.554;0.127915
0.555;0.125824
0.556;0.123747
0.557;0.121686
0.558;0.119639
0.559;0.117607
0.56;0.115591
0.561;0.11359
0.562;0.111603
0.563;0.109633
0.564;0.107677
0.565;0.105737
0.566;0.103813
0.567;0.101905
0.568;0.100012
0.569;0.0981344
0.57;0.0962732
0.571;0.0944278
0.572;0.0925985
0.573;0.0907852
0.574;0.0889882
0.575;0.0872073
0.576;0.0854427
0.577;0.0836945
0.578;0.0819627
0.579;0.0802475
0.58;0.0785488
0.581;0.0768667
0.582;0.0752014
0.583;0.0735528
0.584;0.0719211
0.585;0.0703062
0.586;0.0687083
0.587;0.0671275
0.588;0.0655637
0.589;0.0640171
0.59;0.0624877
0.591;0.0609756
0.592;0.0594808
0.593;0.0580034
0.594;0.0565434
0.595;0.0551009
0.596;0.0536761
0.597;0.0522688
0.598;0.0508792
0.599;0.0495073
0.6;0.0481533
0.601;0.046817
0.602;0.0454987
0.603;0.0441983
0.604;0.0429158
0.605;0.0416515
0.606;0.0404052
0.607;0.0391771
0.608;0.0379671
0.609;0.0367755
0.61;0.035602
0.611;0.034447
0.612;0.0333103
0.613;0.032192
0.614;0.0310922
0.615;0.0300109
0.616;0.0289482
0.617;0.027904
0.618;0.0268785
0.619;0.0258717
0.62;0.0248836
0.621;0.0239143
0.622;0.0229637
0.623;0.022032
0.624;0.0211191
0.625;0.0202252
0.626;0.0193502
0.627;0.0184941
0.628;0.0176571
0.629;0.0168391
0.63;0.0160402
0.631;0.0152604
0.632;0.0144998
0.633;0.0137583
0.634;0.013036
0.635;0.0123329
0.636;0.0116491
0.637;0.0109845
0.638;0.0103393
0.639;0.00971339
0.64;0.00910684
0.641;0.00851966
0.642;0.0079519
0.643;0.00740355
0.644;0.00687465
0.645;0.00636522
0.646;0.00587528
0.647;0.00540485
0.648;0.00495394
0.649;0.00452257
0.65;0.00411077
0.651;0.00371854
0.652;0.0033459
0.653;0.00299287
0.654;0.00265947
0.655;0.00234569
0.656;0.00205157
0.657;0.0017771
0.658;0.0015223
0.659;0.00128718
0.66;0.00107174
0.661;0.000876007
0.662;0.000699976
0.663;0.000543657
0.664;0.000407055
0.665;0.000290176
0.666;0.000193025
0.667;0.000115605
0.668;5.79201e-05
0.669;1.99719e-05
0.67;1.76202e-06
0.671;3.29125e-06
0.672;2.45595e-05
0.673;6.55659e-05
0.674;0.000126309
0.675;0.000206786
0.676;0.000306994
0.677;0.000426929
0.678;0.000566587
0.679;0.000725961
0.68;0.000905046
0.681;0.00110383
0.682;0.00132232
0.683;0.00156049
0.684;0.00181834
0.685;0.00209585
0.686;0.00239302
0.687;0.00270984
0.688;0.00304629
0.689;0.00340236
0.69;0.00377803
0.691;0.00417329
0.692;0.00458813
0.693;0.00502252
0.694;0.00547646
0.695;0.00594992
0.696;0.00644288
0.697;0.00695533
0.698;0.00748724
0.699;0.0080386
0.7;0.00860937
0.701;0.00919955
0.702;0.0098091
0.703;0.010438
0.704;0.0110862
0.705;0.0117538
0.706;0.0124406
0.707;0.0131466
0.708;0.0138719
0.709;0.0146164
0.71;0.01538
0.711;0.0161628
0.712;0.0169646
0.713;0.0177856
0.714;0.0186255
0.715;0.0194845
0.716;0.0203625
0.717;0.0212593
0.718;0.0221751
0.719;0.0231098
0.72;0.0240632
0.721;0.0250355
0.722;0.0260265
0.723;0.0270362
0.724;0.0280646
0.725;0.0291116
0.726;0.0301772
0.727;0.0312614
0.728;0.0323641
0.729;0.0334852
0.73;0.0346247
0.731;0.0357827
0.732;0.0369589
0.733;0.0381534
0.734;0.0393662
0.735;0.0405971
0.736;0.0418462
0.737;0.0431134
0.738;0.0443986
0.739;0.0457018
0.74;0.0470229
0.741;0.0483619
0.742;0.0497187
0.743;0.0510933
0.744;0.0524857
0.745;0.0538957
0.746;0.0553233
0.747;0.0567685
0.748;0.0582311
0.749;0.0597112
0.75;0.0612087
0.751;0.0627235
0.752;0.0642556
0.753;0.0658049
0.754;0.0673713
0.755;0.0689548
0.756;0.0705553
0.757;0.0721728
0.758;0.0738071
0.759;0.0754583
0.76;0.0771263
0.761;0.0788109
0.762;0.0805122
0.763;0.08223
0.764;0.0839643
0.765;0.0857151
0.766;0.0874822
0.767;0.0892655
0.768;0.0910651
0.769;0.0928809
0.77;0.0947127
0.771;0.0965605
0.772;0.0984243
0.773;0.100304
0.774;0.102199
0.775;0.10411
0.776;0.106037
0.777;0.107979
0.778;0.109937
0.779;0.11191
0.78;0.113899
0.781;0.115902
0.782;0.117921
0.783;0.119955
0.784;0.122004
0.785;0.124068
0.786;0.126147
0.787;0.12824
0.788;0.130348
0.789;0.132471
0.79;0.134608
0.791;0.13676
0.792;0.138926
0.793;0.141106
0.794;0.143301
0.795;0.145509
0.796;0.147732
0.797;0.149968
0.798;0.152218
0.799;0.154482
0.8;0.15676
0.801;0.159051
0.802;0.161356
0.803;0.163674
0.804;0.166005
0.805;0.16835
0.806;0.170707
0.807;0.173078
0.808;0.175461
0.809;0.177857
0.81;0.180266
0.811;0.182688
0.812;0.185122
0.813;0.187569
0.814;0.190028
0.815;0.192499
0.816;0.194982
0.817;0.197477
0.818;0.199985
0.819;0.202504
0.82;0.205035
0.821;0.207577
0.822;0.210131
0.823;0.212697
0.824;0.215273
0.825;0.217861
0.826;0.220461
0.827;0.223071
0.828;0.225692
0.829;0.228324
0.83;0.230967
0.831;0.23362
0.832;0.236284
0.833;0.238958
0.834;0.241643
0.835;0.244338
0.836;0.247043
0.837;0.249757
0.838;0.252482
0.839;0.255217
0.84;0.257961
0.841;0.260715
0.842;0.263478
0.843;0.26625
0.844;0.269032
0.845;0.271823
0.846;0.274623
0.847;0.277431
0.848;0.280249
0.849;0.283075
0.85;0.28591
0.851;0.288753
0.852;0.291605
0.853;0.294465
0.854;0.297333
0.855;0.300209
0.856;0.303092
0.857;0.305984
0.858;0.308883
0.859;0.31179
0.86;0.314704
0.861;0.317626
0.862;0.320554
0.863;0.32349
0.864;0.326433
0.865;0.329383
0.866;0.332339
0.867;0.335302
0.868;0.338272
0.869;0.341247
0.87;0.34423
0.871;0.347218
0.872;0.350212
0.873;0.353212
0.874;0.356219
0.875;0.35923
0.876;0.362248
0.877;0.36527
0.878;0.368298
0.879;0.371331
0.88;0.37437
0.881;0.377413
0.882;0.380461
0.883;0.383514
0.884;0.386571
0.885;0.389633
0.886;0.3927
0.887;0.39577
0.888;0.398845
0.889;0.401923
0.89;0.405006
0.891;0.408092
0.892;0.411182
0.893;0.414275
0.894;0.417372
0.895;0.420472
0.896;0.423575
0.897;0.426681
0.898;0.42979
0.899;0.432902
0.9;0.436017
0.901;0.439134
0.902;0.442253
0.903;0.445375
0.904;0.448499
0.905;0.451624
0.906;0.454752
0.907;0.457882
0.908;0.461013
0.909;0.464146
0.91;0.46728
0.911;0.470416
0.912;0.473552
0.913;0.47669
0.914;0.479829
0.915;0.482968
0.916;0.486108
0.917;0.489249
0.918;0.49239
0.919;0.495531
0.92;0.498673
0.921;0.501814
0.922;0.504956
0.923;0.508097
0.924;0.511238
0.925;0.514379
0.926;0.517519
0.927;0.520658
0.928;0.523796
0.929;0.526934
0.93;0.53007
0.931;0.533206
0.932;0.53634
0.933;0.539472
0.934;0.542603
0.935;0.545732
0.936;0.54886
0.937;0.551986
0.938;0.555109
0.939;0.55823
0.94;0.561349
0.941;0.564466
0.942;0.56758
0.943;0.570692
0.944;0.5738
0.945;0.576906
0.946;0.580009
0.947;0.583108
0.948;0.586204
0.949;0.589297
0.95;0.592386
0.951;0.595472
0.952;0.598554
0.953;0.601632
0.954;0.604706
0.955;0.607776
0.956;0.610841
0.957;0.613903
0.958;0.616959
0.959;0.620011
0.96;0.623059
0.961;0.626101
0.962;0.629139
0.963;0.632171
0.964;0.635198
0.965;0.63822
0.966;0.641237
0.967;0.644248
0.968;0.647253
0.969;0.650252
0.97;0.653246
0.971;0.656233
0.972;0.659214
0.973;0.662189
0.974;0.665157
0.975;0.668119
0.976;0.671075
0.977;0.674023
0.978;0.676965
0.979;0.6799
0.98;0.682827
0.981;0.685748
0.982;0.688661
0.983;0.691567
0.984;0.694465
0.985;0.697355
0.986;0.700238
0.987;0.703112
0.988;0.705979
0.989;0.708838
0.99;0.711688
0.991;0.71453
0.992;0.717363
0.993;0.720188
0.994;0.723004
0.995;0.725812
0.996;0.72861
0.997;0.7314
0.998;0.73418
0.999;0.736951
1;0.739713
1.001;0.742465
1.002;0.745208
1.003;0.747941
1.004;0.750664
1.005;0.753377
1.006;0.756081
1.007;0.758774
1.008;0.761457
1.009;0.764129
1.01;0.766792
1.011;0.769443
1.012;0.772084
1.013;0.774715
1.014;0.777334
1.015;0.779943
1.016;0.78254
1.017;0.785127
1.018;0.787702
1.019;0.790265
1.02;0.792818
1.021;0.795358
1.022;0.797887
1.023;0.800405
1.024;0.80291
1.025;0.805404
1.026;0.807885
1.027;0.810354
1.028;0.812811
1.029;0.815256
1.03;0.817688
1.031;0.820108
1.032;0.822515
1.033;0.824909
1.034;0.827291
1.035;0.829659
1.036;0.832015
1.037;0.834357
1.038;0.836686
1.039;0.839002
1.04;0.841305
1.041;0.843594
1.042;0.845869
1.043;0.848131
1.044;0.850379
1.045;0.852614
1.046;0.854834
1.047;0.85704
1.048;0.859232
1.049;0.861411
1.05;0.863574
1.051;0.865724
1.052;0.867859
1.053;0.869979
1.054;0.872085
1.055;0.874176
1.056;0.876253
1.057;0.878314
1.058;0.880361
1.059;0.882393
1.06;0.884409
1.061;0.88641
1.062;0.888397
1.063;0.890367
1.064;0.892323
1.065;0.894263
1.066;0.896187
1.067;0.898095
1.068;0.899988
1.069;0.901866
1.07;0.903727
1.071;0.905572
1.072;0.907402
1.073;0.909215
1.074;0.911012
1.075;0.912793
1.076;0.914557
1.077;0.916305
1.078;0.918037
1.079;0.919753
1.08;0.921451
1.081;0.923133
1.082;0.924799
1.083;0.926447
1.084;0.928079
1.085;0.929694
1.086;0.931292
1.087;0.932873
1.088;0.934436
1.089;0.935983
1.09;0.937512
1.091;0.939024
1.092;0.940519
1.093;0.941997
1.094;0.943457
1.095;0.944899
1.096;0.946324
1.097;0.947731
1.098;0.949121
1.099;0.950493
1.1;0.951847
1.101;0.953183
1.102;0.954501
1.103;0.955802
1.104;0.957084
1.105;0.958349
1.106;0.959595
1.107;0.960823
1.108;0.962033
1.109;0.963225
1.11;0.964398
1.111;0.965553
1.112;0.96669
1.113;0.967808
1.114;0.968908
1.115;0.969989
1.116;0.971052
1.117;0.972096
1.118;0.973121
1.119;0.974128
1.12;0.975116
1.121;0.976086
1.122;0.977036
1.123;0.977968
1.124;0.978881
1.125;0.979775
1.126;0.98065
1.127;0.981506
1.128;0.982343
1.129;0.983161
1.13;0.98396
1.131;0.98474
1.132;0.9855
1.133;0.986242
1.134;0.986964
1.135;0.987667
1.136;0.988351
1.137;0.989015
1.138;0.989661
1.139;0.990287
1.14;0.990893
1.141;0.99148
1.142;0.992048
1.143;0.992596
1.144;0.993125
1.145;0.993635
1.146;0.994125
1.147;0.994595
1.148;0.995046
1.149;0.995477
1.15;0.995889
1.151;0.996281
1.152;0.996654
1.153;0.997007
1.154;0.997341
1.155;0.997654
1.156;0.997948
1.157;0.998223
1.158;0.998478
1.159;0.998713
1.16;0.998928
1.161;0.999124
1.162;0.9993
1.163;0.999456
1.164;0.999593
1.165;0.99971
1.166;0.999807
1.167;0.999884
1.168;0.999942
1.169;0.99998
1.17;0.999998
1.171;0.999997
1.172;0.999975
1.173;0.999934
1.174;0.999874
1.175;0.999793
1.176;0.999693
1.177;0.999573
1.178;0.999433
1.179;0.999274
1.18;0.999095
1.181;0.998896
1.182;0.998678
1.183;0.99844
1.184;0.998182
1.185;0.997904
1.186;0.997607
1.187;0.99729
1.188;0.996954
1.189;0.996598
1.19;0.996222
1.191;0.995827
1.192;0.995412
1.193;0.994977
1.194;0.994524
1.195;0.99405
1.196;0.993557
1.197;0.993045
1.198;0.992513
1.199;0.991961
1.2;0.991391
1.201;0.9908
1.202;0.990191
1.203;0.989562
1.204;0.988914
1.205;0.988246
1.206;0.987559
1.207;0.986853
1.208;0.986128
1.209;0.985384
1.21;0.98462
1.211;0.983837
1.212;0.983035
1.213;0.982214
1.214;0.981374
1.215;0.980515
1.216;0.979638
1.217;0.978741
1.218;0.977825
1.219;0.97689
1.22;0.975937
1.221;0.974965
1.222;0.973974
1.223;0.972964
1.224;0.971935
1.225;0.970888
1.226;0.969823
1.227;0.968739
1.228;0.967636
1.229;0.966515
1.23;0.965375
1.231;0.964217
1.232;0.963041
1.233;0.961847
1.234;0.960634
1.235;0.959403
1.236;0.958154
1.237;0.956887
1.238;0.955601
1.239;0.954298
1.24;0.952977
1.241;0.951638
1.242;0.950281
1.243;0.948907
1.244;0.947514
1.245;0.946104
1.246;0.944677
1.247;0.943232
1.248;0.941769
1.249;0.940289
1.25;0.938791
1.251;0.937276
1.252;0.935744
1.253;0.934195
1.254;0.932629
1.255;0.931045
1.256;0.929445
1.257;0.927827
1.258;0.926193
1.259;0.924542
1.26;0.922874
1.261;0.921189
1.262;0.919488
1.263;0.91777
1.264;0.916036
1.265;0.914285
1.266;0.912518
1.267;0.910734
1.268;0.908935
1.269;0.907119
1.27;0.905287
1.271;0.903439
1.272;0.901576
1.273;0.899696
1.274;0.897801
1.275;0.89589
1.276;0.893963
1.277;0.892021
1.278;0.890063
1.279;0.88809
1.28;0.886101
1.281;0.884098
1.282;0.882079
1.283;0.880045
1.284;0.877996
1.285;0.875932
1.286;0.873853
1.287;0.87176
1.288;0.869652
1.289;0.867529
1.29;0.865392
1.291;0.86324
1.292;0.861074
1.293;0.858894
1.294;0.856699
1.295;0.854491
1.296;0.852268
1.297;0.850032
1.298;0.847782
1.299;0.845518
1.3;0.84324
1.301;0.840949
1.302;0.838644
1.303;0.836326
1.304;0.833995
1.305;0.83165
1.306;0.829293
1.307;0.826922
1.308;0.824539
1.309;0.822143
1.31;0.819734
1.311;0.817312
1.312;0.814878
1.313;0.812431
1.314;0.809972
1.315;0.807501
1.316;0.805018
1.317;0.802523
1.318;0.800015
1.319;0.797496
1.32;0.794965
1.321;0.792423
1.322;0.789869
1.323;0.787303
1.324;0.784727
1.325;0.782139
1.326;0.779539
1.327;0.776929
1.328;0.774308
1.329;0.771676
1.33;0.769033
1.331;0.76638
1.332;0.763716
1.333;0.761042
1.334;0.758357
1.335;0.755662
1.336;0.752957
1.337;0.750243
1.338;0.747518
1.339;0.744783
1.34;0.742039
1.341;0.739285
1.342;0.736522
1.343;0.73375
1.344;0.730968
1.345;0.728177
1.346;0.725377
1.347;0.722569
1.348;0.719751
1.349;0.716925
1.35;0.71409
1.351;0.711247
1.352;0.708395
1.353;0.705535
1.354;0.702667
1.355;0.699791
1.356;0.696908
1.357;0.694016
1.358;0.691117
1.359;0.68821
1.36;0.685296
1.361;0.682374
1.362;0.679446
1.363;0.67651
1.364;0.673567
1.365;0.670617
1.366;0.667661
1.367;0.664698
1.368;0.661728
1.369;0.658753
1.37;0.65577
1.371;0.652782
1.372;0.649788
1.373;0.646788
1.374;0.643781
1.375;0.64077
1.376;0.637752
1.377;0.63473
1.378;0.631702
1.379;0.628669
1.38;0.62563
1.381;0.622587
1.382;0.619539
1.383;0.616486
1.384;0.613429
1.385;0.610367
1.386;0.6073
1.387;0.60423
1.388;0.601155
1.389;0.598077
1.39;0.594994
1.391;0.591908
1.392;0.588818
1.393;0.585725
1.394;0.582628
1.395;0.579528
1.396;0.576425
1.397;0.573319
1.398;0.57021
1.399;0.567098
1.4;0.563983
1.401;0.560866
1.402;0.557747
1.403;0.554625
1.404;0.551501
1.405;0.548376
1.406;0.545248
1.407;0.542118
1.408;0.538987
1.409;0.535854
1.41;0.53272
1.411;0.529584
1.412;0.526448
1.413;0.52331
1.414;0.520171
1.415;0.517032
1.416;0.513892
1.417;0.510751
1.418;0.50761
1.419;0.504469
1.42;0.501327
1.421;0.498186
1.422;0.495044
1.423;0.491903
1.424;0.488762
1.425;0.485621
1.426;0.482481
1.427;0.479342
1.428;0.476204
1.429;0.473066
1.43;0.46993
1.431;0.466794
1.432;0.46366
1.433;0.460528
1.434;0.457397
1.435;0.454268
1.436;0.45114
1.437;0.448014
1.438;0.444891
1.439;0.44177
1.44;0.438651
1.441;0.435534
1.442;0.43242
1.443;0.429308
1.444;0.4262
1.445;0.423094
1.446;0.419991
1.447;0.416892
1.448;0.413796
1.449;0.410703
1.45;0.407614
1.451;0.404528
1.452;0.401446
1.453;0.398368
1.454;0.395294
1.455;0.392224
1.456;0.389159
1.457;0.386097
1.458;0.383041
1.459;0.379989
1.46;0.376941
1.461;0.373899
1.462;0.370861
1.463;0.367829
1.464;0.364802
1.465;0.36178
1.466;0.358763
1.467;0.355752
1.468;0.352747
1.469;0.349748
1.47;0.346754
1.471;0.343767
1.472;0.340786
1.473;0.337811
1.474;0.334843
1.475;0.331881
1.476;0.328925
1.477;0.325977
1.478;0.323035
1.479;0.3201
1.48;0.317173
1.481;0.314252
1.482;0.311339
1.483;0.308433
1.484;0.305535
1.485;0.302645
1.486;0.299762
1.487;0.296888
1.488;0.294021
1.489;0.291162
1.49;0.288312
1.491;0.28547
1.492;0.282637
1.493;0.279812
1.494;0.276996
1.495;0.274188
1.496;0.27139
1.497;0.2686
1.498;0.26582
1.499;0.263049
1.5;0.260287
1.501;0.257535
1.502;0.254792
1.503;0.252059
1.504;0.249336
1.505;0.246623
1.506;0.243919
1.507;0.241226
1.508;0.238543
1.509;0.235871
1.51;0.233208
1.511;0.230557
1.512;0.227916
1.513;0.225285
1.514;0.222666
1.515;0.220057
1.516;0.21746
1.517;0.214873
1.518;0.212298
1.519;0.209735
1.52;0.207182
1.521;0.204642
1.522;0.202113
1.523;0.199595
1.524;0.19709
1.525;0.194596
1.526;0.192115
1.527;0.189646
1.528;0.187189
1.529;0.184744
1.53;0.182312
1.531;0.179892
1.532;0.177485
1.533;0.175091
1.534;0.172709
1.535;0.170341
1.536;0.167985
1.537;0.165643
1.538;0.163314
1.539;0.160998
1.54;0.158695
1.541;0.156406
1.542;0.154131
1.543;0.151869
1.544;0.149621
1.545;0.147386
1.546;0.145166
1.547;0.14296
1.548;0.140768
1.549;0.138589
1.55;0.136426
1.551;0.134276
1.552;0.132141
1.553;0.130021
1.554;0.127915
1.555;0.125824
1.556;0.123747
1.557;0.121686
1.558;0.119639
1.559;0.117607
1.56;0.115591
1.561;0.11359
1.562;0.111603
1.563;0.109633
1.564;0.107677
1.565;0.105737
1.566;0.103813
1.567;0.101905
1.568;0.100012
1.569;0.0981344
1.57;0.0962732
1.571;0.0944278
1.572;0.0925985
1.573;0.0907852
1.574;0.0889882
1.575;0.0872073
1.576;0.0854427
1.577;0.0836945
1.578;0.0819627
1.579;0.0802475
1.58;0.0785488
1.581;0.0768667
1.582;0.0752014
1.583;0.0735528
1.584;0.0719211
1.585;0.0703062
1.586;0.0687083
1.587;0.0671275
1.588;0.0655637
1.589;0.0640171
1.59;0.0624877
1.591;0.0609756
1.592;0.0594808
1.593;0.0580034
1.594;0.0565434
1.595;0.0551009
1.596;0.0536761
1.597;0.0522688
1.598;0.0508792
1.599;0.0495073
1.6;0.0481533
1.601;0.046817
1.602;0.0454987
1.603;0.0441983
1.604;0.0429158
1.605;0.0416515
1.606;0.0404052
1.607;0.0391771
1.608;0.0379671
1.609;0.0367755
1.61;0.035602
1.611;0.034447
1.612;0.0333103
1.613;0.032192
1.614;0.0310922
1.615;0.0300109
1.616;0.0289482
1.617;0.027904
1.618;0.0268785
1.619;0.0258717
1.62;0.0248836
1.621;0.0239143
1.622;0.0229637
1.623;0.022032
1.624;0.0211191
1.625;0.0202252
1.626;0.0193502
1.627;0.0184941
1.628;0.0176571
1.629;0.0168391
1.63;0.0160402
1.631;0.0152604
1.632;0.0144998
1.633;0.0137583
1.634;0.013036
1.635;0.0123329
1.636;0.0116491
1.637;0.0109845
1.638;0.0103393
1.639;0.00971339
1.64;0.00910684
1.641;0.00851966
1.642;0.0079519
1.643;0.00740355
1.644;0.00687465
1.645;0.00636522
1.646;0.00587528
1.647;0.00540485
1.648;0.00495394
1.649;0.00452257
1.65;0.00411077
1.651;0.00371854
1.652;0.0033459
1.653;0.00299287
1.654;0.00265947
1.655;0.00234569
1.656;0.00205157
1.657;0.0017771
1.658;0.0015223
1.659;0.00128718
1.66;0.00107174
1.661;0.000876007
1.662;0.000699976
1.663;0.000543657
1.664;0.000407055
1.665;0.000290176
1.666;0.000193025
1.667;0.000115605
1.668;5.79201e-05
1.669;1.99719e-05
1.67;1.76202e-06
1.671;3.29125e-06
1.672;2.45595e-05
1.673;6.55659e-05
1.674;0.000126309
1.675;0.000206786
1.676;0.000306994
1.677;0.000426929
1.678;0.000566587
1.679;0.000725961
1.68;0.000905046
1.681;0.00110383
1.682;0.00132232
1.683;0.00156049
1.684;0.00181834
1.685;0.00209585
1.686;0.00239302
1.687;0.00270984
1.688;0.00304629
1.689;0.00340236
1.69;0.00377803
1.691;0.00417329
1.692;0.00458813
1.693;0.00502252
1.694;0.00547646
1.695;0.00594992
1.696;0.00644288
1.697;0.00695533
1.698;0.00748724
1.699;0.0080386
1.7;0.00860937
1.701;0.00919955
1.702;0.0098091
1.703;0.010438
1.704;0.0110862
1.705;0.0117538
1.706;0.0124406
1.707;0.0131466
1.708;0.0138719
1.709;0.0146164
1.71;0.01538
1.711;0.0161628
1.712;0.0169646
1.713;0.0177856
1.714;0.0186255
1.715;0.0194845
1.716;0.0203625
1.717;0.0212593
1.718;0.0221751
1.719;0.0231098
1.72;0.0240632
1.721;0.0250355
1.722;0.0260265
1.723;0.0270362
1.724;0.0280646
1.725;0.0291116
1.726;0.0301772
1.727;0.0312614
1.728;0.0323641
1.729;0.0334852
1.73;0.0346247
1.731;0.0357827
1.732;0.0369589
1.733;0.0381534
1.734;0.0393662
1.735;0.0405971
1.736;0.0418462
1.737;0.0431134
1.738;0.0443986
1.739;0.0457018
1.74;0.0470229
1.741;0.0483619
1.742;0.0497187
1.743;0.0510933
1.744;0.0524857
1.745;0.0538957
1.746;0.0553233
1.747;0.0567685
1.748;0.0582311
1.749;0.0597112
1.75;0.0612087
1.751;0.0627235
1.752;0.0642556
1.753;0.0658049
1.754;0.0673713
1.755;0.0689548
1.756;0.0705553
1.757;0.0721728
1.758;0.0738071
1.759;0.0754583
1.76;0.0771263
1.761;0.0788109
1.762;0.0805122
1.763;0.08223
1.764;0.0839643
1.765;0.0857151
1.766;0.0874822
1.767;0.0892655
1.768;0.0910651
1.769;0.0928809
1.77;0.0947127
1.771;0.0965605
1.772;0.0984243
1.773;0.100304
1.774;0.102199
1.775;0.10411
1.776;0.106037
1.777;0.107979
1.778;0.109937
1.779;0.11191
1.78;0.113899
1.781;0.115902
1.782;0.117921
1.783;0.119955
1.784;0.122004
1.785;0.124068
1.786;0.126147
1.787;0.12824
1.788;0.130348
1.789;0.132471
1.79;0.134608
1.791;0.13676
1.792;0.138926
1.793;0.141106
1.794;0.143301
1.795;0.145509
1.796;0.147732
1.797;0.149968
1.798;0.152218
1.799;0.154482
1.8;0.15676
1.801;0.159051
1.802;0.161356
1.803;0.163674
1.804;0.166005
1.805;0.16835
1.806;0.170707
1.807;0.173078
1.808;0.175461
1.809;0.177857
1.81;0.180266
1.811;0.182688
1.812;0.185122
1.813;0.187569
1.814;0.190028
1.815;0.192499
1.816;0.194982
1.817;0.197477
1.818;0.199985
1.819;0.202504
1.82;0.205035
1.821;0.207577
1.822;0.210131
1.823;0.212697
1.824;0.215273
1.825;0.217861
1.826;0.220461
1.827;0.223071
1.828;0.225692
1.829;0.228324
1.83;0.230967
1.831;0.23362
1.832;0.236284
1.833;0.238958
1.834;0.241643
1.835;0.244338
1.836;0.247043
1.837;0.249757
1.838;0.252482
1.839;0.255217
1.84;0.257961
1.841;0.260715
1.842;0.263478
1.843;0.26625
1.844;0.269032
1.845;0.271823
1.846;0.274623
1.847;0.277431
1.848;0.280249
1.849;0.283075
1.85;0.28591
1.851;0.288753
1.852;0.291605
1.853;0.294465
1.854;0.297333
1.855;0.300209
1.856;0.303092
1.857;0.305984
1.858;0.308883
1.859;0.31179
1.86;0.314704
1.861;0.317626
1.862;0.320554
1.863;0.32349
1.864;0.326433
1.865;0.329383
1.866;0.332339
1.867;0.335302
1.868;0.338272
1.869;0.341247
1.87;0.34423
1.871;0.347218
1.872;0.350212
1.873;0.353212
1.874;0.356219
1.875;0.35923
1.876;0.362248
1.877;0.36527
1.878;0.368298
1.879;0.371331
1.88;0.37437
1.881;0.377413
1.882;0.380461
1.883;0.383514
1.884;0.386571
1.885;0.389633
1.886;0.3927
1.887;0.39577
1.888;0.398845
1.889;0.401923
1.89;0.405006
1.891;0.408092
1.892;0.411182
1.893;0.414275
1.894;0.417372
1.895;0.420472
1.896;0.423575
1.897;0.426681
1.898;0.42979
1.899;0.432902
1.9;0.436017
1.901;0.439134
1.902;0.442253
1.903;0.445375
1.904;0.448499
1.905;0.451624
1.906;0.454752
1.907;0.457882
1.908;0.461013
1.909;0.464146
1.91;0.46728
1.911;0.470416
1.912;0.473552
1.913;0.47669
1.914;0.479829
1.915;0.482968
1.916;0.486108
1.917;0.489249
1.918;0.49239
1.919;0.495531
1.92;0.498673
1.921;0.501814
1.922;0.504956
1.923;0.508097
1.924;0.511238
1.925;0.514379
1.926;0.517519
1.927;0.520658
1.928;0.523796
1.929;0.526934
1.93;0.53007
1.931;0.533206
1.932;0.53634
1.933;0.539472
1.934;0.542603
1.935;0.545732
1.936;0.54886
1.937;0.551986
1.938;0.555109
1.939;0.55823
1.94;0.561349
1.941;0.564466
1.942;0.56758
1.943;0.570692
1.944;0.5738
1.945;0.576906
1.946;0.580009
1.947;0.583108
1.948;0.586204
1.949;0.589297
1.95;0.592386
1.951;0.595472
1.952;0.598554
1.953;0.601632
1.954;0.604706
1.955;0.607776
1.956;0.610841
1.957;0.613903
1.958;0.616959
1.959;0.620011
1.96;0.623059
1.961;0.626101
1.962;0.629139
1.963;0.632171
1.964;0.635198
1.965;0.63822
1.966;0.641237
1.967;0.644248
1.968;0.647253
1.969;0.650252
1.97;0.653246
1.971;0.656233
1.972;0.659214
1.973;0.662189
1.974;0.665157
1.975;0.668119
1.976;0.671075
1.977;0.674023
1.978;0.676965
1.979;0.6799
1.98;0.682827
1.981;0.685748
1.982;0.688661
1.983;0.691567
1.984;0.694465
1.985;0.697355
1.986;0.700238
1.987;0.703112
1.988;0.705979
1.989;0.708838
1.99;0.711688
1.991;0.71453
1.992;0.717363
1.993;0.720188
1.994;0.723004
1.995;0.725812
1.996;0.72861
1.997;0.7314
1.998;0.73418
1.999;0.736951
2;0.739713
2.001;0.742465
2.002;0.745208
2.003;0.747941
2.004;0.750664
2.005;0.753377
2.006;0.756081
2.007;0.758774
2.008;0.761457
2.009;0.764129
2.01;0.766792
2.011;0.769443
2.012;0.772084
2.013;0.774715
2.014;0.777334
2.015;0.779943
2.016;0.78254
2.017;0.785127
2.018;0.787702
2.019;0.790265
2.02;0.792818
2.021;0.795358
2.022;0.797887
2.023;0.800405
2.024;0.80291
2.025;0.805404
2.026;0.807885
2.027;0.810354
2.028;0.812811
2.029;0.815256
2.03;0.817688
2.031;0.820108
2.032;0.822515
2.033;0.824909
2.034;0.827291
2.035;0.829659
2.036;0.832015
2.037;0.834357
2.038;0.836686
2.039;0.839002
2.04;0.841305
2.041;0.843594
2.042;0.845869
2.043;0.848131
2.044;0.850379
2.045;0.852614
2.046;0.854834
2.047;0.85704
2.048;0.859232
2.049;0.861411
2.05;0.863574
2.051;0.865724
2.052;0.867859
2.053;0.869979
2.054;0.872085
2.055;0.874176
2.056;0.876253
2.057;0.878314
2.058;0.880361
2.059;0.882393
2.06;0.884409
2.061;0.88641
2.062;0.888397
2.063;0.890367
2.064;0.892323
2.065;0.894263
2.066;0.896187
2.067;0.898095
2.068;0.899988
2.069;0.901866
2.07;0.903727
2.071;0.905572
2.072;0.907402
2.073;0.909215
2.074;0.911012
2.075;0.912793
2.076;0.914557
2.077;0.916305
2.078;0.918037
2.079;0.919753
2.08;0.921451
2.081;0.923133
2.082;0.924799
2.083;0.926447
2.084;0.928079
2.085;0.929694
2.086;0.931292
2.087;0.932873
2.088;0.934436
2.089;0.935983
2.09;0.937512
2.091;0.939024
2.092;0.940519
2.093;0.941997
2.094;0.943457
2.095;0.944899
2.096;0.946324
2.097;0.947731
2.098;0.949121
2.099;0.950493
2.1;0.951847
2.101;0.953183
2.102;0.954501
2.103;0.955802
2.104;0.957084
2.105;0.958349
2.106;0.959595
2.107;0.960823
2.108;0.962033
2.109;0.963225
2.11;0.964398
2.111;0.965553
2.112;0.96669
2.113;0.967808
2.114;0.968908
2.115;0.969989
2.116;0.971052
2.117;0.972096
2.118;0.973121
2.119;0.974128
2.12;0.975116
2.121;0.976086
2.122;0.977036
2.123;0.977968
2.124;0.978881
2.125;0.979775
2.126;0.98065
2.127;0.981506
2.128;0.982343
2.129;0.983161
2.13;0.98396
2.131;0.98474
2.132;0.9855
2.133;0.986242
2.134;0.986964
2.135;0.987667
2.136;0.988351
2.137;0.989015
2.138;0.989661
2.139;0.990287
2.14;0.990893
2.141;0.99148
2.142;0.992048
2.143;0.992596
2.144;0.993125
2.145;0.993635
2.146;0.994125
2.147;0.994595
2.148;0.995046
2.149;0.995477
2.15;0.995889
2.151;0.996281
2.152;0.996654
2.153;0.997007
2.154;0.997341
2.155;0.997654
2.156;0.997948
2.157;0.998223
2.158;0.998478
2.159;0.998713
2.16;0.998928
2.161;0.999124
2.162;0.9993
2.163;0.999456
2.164;0.999593
2.165;0.99971
2.166;0.999807
2.167;0.999884
2.168;0.999942
2.169;0.99998
2.17;0.999998
2.171;0.999997
2.172;0.999975
2.173;0.999934
2.174;0.999874
2.175;0.999793
2.176;0.999693
2.177;0.999573
2.178;0.999433
2.179;0.999274
2.18;0.999095
2.181;0.998896
2.182;0.998678
2.183;0.99844
2.184;0.998182
2.185;0.997904
2.186;0.997607
2.187;0.99729
2.188;0.996954
2.189;0.996598
2.19;0.996222
2.191;0.995827
2.192;0.995412
2.193;0.994977
2.194;0.994524
2.195;0.99405
2.196;0.993557
2.197;0.993045
2.198;0.992513
2.199;0.991961
2.2;0.991391
2.201;0.9908
2.202;0.990191
2.203;0.989562
2.204;0.988914
2.205;0.988246
2.206;0.987559
2.207;0.986853
2.208;0.986128
2.209;0.985384
2.21;0.98462
2.211;0.983837
2.212;0.983035
2.213;0.982214
2.214;0.981374
2.215;0.980515
2.216;0.979638
2.217;0.978741
2.218;0.977825
2.219;0.97689
2.22;0.975937
2.221;0.974965
2.222;0.973974
2.223;0.972964
2.224;0.971935
2.225;0.970888
2.226;0.969823
2.227;0.968739
2.228;0.967636
2.229;0.966515
2.23;0.965375
2.231;0.964217
2.232;0.963041
2.233;0.961847
2.234;0.960634
2.235;0.959403
2.236;0.958154
2.237;0.956887
2.238;0.955601
2.239;0.954298
2.24;0.952977
2.241;0.951638
2.242;0.950281
2.243;0.948907
2.244;0.947514
2.245;0.946104
2.246;0.944677
2.247;0.943232
2.248;0.941769
2.249;0.940289
2.25;0.938791
2.251;0.937276
2.252;0.935744
2.253;0.934195
2.254;0.932629
2.255;0.931045
2.256;0.929445
2.257;0.927827
2.258;0.926193
2.259;0.924542
2.26;0.922874
2.261;0.921189
2.262;0.919488
2.263;0.91777
2.264;0.916036
2.265;0.914285
2.266;0.912518
2.267;0.910734
2.268;0.908935
2.269;0.907119
2.27;0.905287
2.271;0.903439
2.272;0.901576
2.273;0.899696
2.274;0.897801
2.275;0.89589
2.276;0.893963
2.277;0.892021
2.278;0.890063
2.279;0.88809
2.28;0.886101
2.281;0.884098
2.282;0.882079
2.283;0.880045
2.284;0.877996
2.285;0.875932
2.286;0.873853
2.287;0.87176
2.288;0.869652
2.289;0.867529
2.29;0.865392
2.291;0.86324
2.292;0.861074
2.293;0.858894
2.294;0.856699
2.295;0.854491
2.296;0.852268
2.297;0.850032
2.298;0.847782
2.299;0.845518
2.3;0.84324
2.301;0.840949
2.302;0.838644
2.303;0.836326
2.304;0.833995
2.305;0.83165
2.306;0.829293
2.307;0.826922
2.308;0.824539
2.309;0.822143
2.31;0.819734
2.311;0.817312
2.312;0.814878
2.313;0.812431
2.314;0.809972
2.315;0.807501
2.316;0.805018
2.317;0.802523
2.318;0.800015
2.319;0.797496
2.32;0.794965
2.321;0.792423
2.322;0.789869
2.323;0.787303
2.324;0.784727
2.325;0.782139
2.326;0.779539
2.327;0.776929
2.328;0.774308
2.329;0.771676
2.33;0.769033
2.331;0.76638
2.332;0.763716
2.333;0.761042
2.334;0.758357
2.335;0.755662
2.336;0.752957
2.337;0.750243
2.338;0.747518
2.339;0.744783
2.34;0.742039
2.341;0.739285
2.342;0.736522
2.343;0.73375
2.344;0.730968
2.345;0.728177
2.346;0.725377
2.347;0.722569
2.348;0.719751
2.349;0.716925
2.35;0.71409
2.351;0.711247
2.352;0.708395
2.353;0.705535
2.354;0.702667
2.355;0.699791
2.356;0.696908
2.357;0.694016
2.358;0.691117
2.359;0.68821
2.36;0.685296
2.361;0.682374
2.362;0.679446
2.363;0.67651
2.364;0.673567
2.365;0.670617
2.366;0.667661
2.367;0.664698
2.368;0.661728
2.369;0.658753
2.37;0.65577
2.371;0.652782
2.372;0.649788
2.373;0.646788
2.374;0.643781
2.375;0.64077
2.376;0.637752
2.377;0.63473
2.378;0.631702
2.379;0.628669
2.38;0.62563
2.381;0.622587
2.382;0.619539
2.383;0.616486
2.384;0.613429
2.385;0.610367
2.386;0.6073
2.387;0.60423
2.388;0.601155
2.389;0.598077
2.39;0.594994
2.391;0.591908
2.392;0.588818
2.393;0.585725
2.394;0.582628
2.395;0.579528
2.396;0.576425
2.397;0.573319
2.398;0.57021
2.399;0.567098
2.4;0.563983
2.401;0.560866
2.402;0.557747
2.403;0.554625
2.404;0.551501
2.405;0.548376
2.406;0.545248
2.407;0.542118
2.408;0.538987
2.409;0.535854
2.41;0.53272
2.411;0.529584
2.412;0.526448
2.413;0.52331
2.414;0.520171
2.415;0.517032
2.416;0.513892
2.417;0.510751
2.418;0.50761
2.419;0.504469
2.42;0.501327
2.421;0.498186
2.422;0.495044
2.423;0.491903
2.424;0.488762
2.425;0.485621
2.426;0.482481
2.427;0.479342
2.428;0.476204
2.429;0.473066
2.43;0.46993
2.431;0.466794
2.432;0.46366
2.433;0.460528
2.434;0.457397
2.435;0.454268
2.436;0.45114
2.437;0.448014
2.438;0.444891
2.439;0.44177
2.44;0.438651
2.441;0.435534
2.442;0.43242
2.443;0.429308
2.444;0.4262
2.445;0.423094
2.446;0.419991
2.447;0.416892
2.448;0.413796
2.449;0.410703
2.45;0.407614
2.451;0.404528
2.452;0.401446
2.453;0.398368
2.454;0.395294
2.455;0.392224
2.456;0.389159
2.457;0.386097
2.458;0.383041
2.459;0.379989
2.46;0.376941
2.461;0.373899
2.462;0.370861
2.463;0.367829
2.464;0.364802
2.465;0.36178
2.466;0.358763
2.467;0.355752
2.468;0.352747
2.469;0.349748
2.47;0.346754
2.471;0.343767
2.472;0.340786
2.473;0.337811
2.474;0.334843
2.475;0.331881
2.476;0.328925
2.477;0.325977
2.478;0.323035
2.479;0.3201
2.48;0.317173
2.481;0.314252
2.482;0.311339
2.483;0.308433
2.484;0.305535
2.485;0.302645
2.486;0.299762
2.487;0.296888
2.488;0.294021
2.489;0.291162
2.49;0.288312
2.491;0.28547
2.492;0.282637
2.493;0.279812
2.494;0.276996
2.495;0.274188
2.496;0.27139
2.497;0.2686
2.498;0.26582
2.499;0.263049
2.5;0.260287
2.501;0.257535
2.502;0.254792
2.503;0.252059
2.504;0.249336
2.505;0.246623
2.506;0.243919
2.507;0.241226
2.508;0.238543
2.509;0.235871
2.51;0.233208
2.511;0.230557
2.512;0.227916
2.513;0.225285
2.514;0.222666
2.515;0.220057
2.516;0.21746
2.517;0.214873
2.518;0.212298
2.519;0.209735
2.52;0.207182
2.521;0.204642
2.522;0.202113
2.523;0.199595
2.524;0.19709
2.525;0.194596
2.526;0.192115
2.527;0.189646
2.528;0.187189
2.529;0.184744
2.53;0.182312
2.531;0.179892
2.532;0.177485
2.533;0.175091
2.534;0.172709
2.535;0.170341
2.536;0.167985
2.537;0.165643
2.538;0.163314
2.539;0.160998
2.54;0.158695
2.541;0.156406
2.542;0.154131
2.543;0.151869
2.544;0.149621
2.545;0.147386
2.546;0.145166
2.547;0.14296
2.548;0.140768
2.549;0.138589
2.55;0.136426
2.551;0.134276
2.552;0.132141
2.553;0.130021
2.554;0.127915
2.555;0.125824
2.556;0.123747
2.557;0.121686
2.558;0.119639
2.559;0.117607
2.56;0.115591
2.561;0.11359
2.562;0.111603
2.563;0.109633
2.564;0.107677
2.565;0.105737
2.566;0.103813
2.567;0.101905
2.568;0.100012
2.569;0.0981344
2.57;0.0962732
2.571;0.0944278
2.572;0.0925985
2.573;0.0907852
2.574;0.0889882
2.575;0.0872073
2.576;0.0854427
2.577;0.0836945
2.578;0.0819627
2.579;0.0802475
2.58;0.0785488
2.581;0.0768667
2.582;0.0752014
2.583;0.0735528
2.584;0.0719211
2.585;0.0703062
2.586;0.0687083
2.587;0.0671275
2.588;0.0655637
2.589;0.0640171
2.59;0.0624877
2.591;0.0609756
2.592;0.0594808
2.593;0.0580034
2.594;0.0565434
2.595;0.0551009
2.596;0.0536761
2.597;0.0522688
2.598;0.0508792
2.599;0.0495073
2.6;0.0481533
2.601;0.046817
2.602;0.0454987
2.603;0.0441983
2.604;0.0429158
2.605;0.0416515
2.606;0.0404052
2.607;0.0391771
2.608;0.0379671
2.609;0.0367755
2.61;0.035602
2.611;0.034447
2.612;0.0333103
2.613;0.032192
2.614;0.0310922
2.615;0.0300109
2.616;0.0289482
2.617;0.027904
2.618;0.0268785
2.619;0.0258717
2.62;0.0248836
2.621;0.0239143
2.622;0.0229637
2.623;0.022032
2.624;0.0211191
2.625;0.0202252
2.626;0.0193502
2.627;0.0184941
2.628;0.0176571
2.629;0.0168391
2.63;0.0160402
2.631;0.0152604
2.632;0.0144998
2.633;0.0137583
2.634;0.013036
2.635;0.0123329
2.636;0.0116491
2.637;0.0109845
2.638;0.0103393
2.639;0.00971339
2.64;0.00910684
2.641;0.00851966
2.642;0.0079519
2.643;0.00740355
2.644;0.00687465
2.645;0.00636522
2.646;0.00587528
2.647;0.00540485
2.648;0.00495394
2.649;0.00452257
2.65;0.00411077
2.651;0.00371854
2.652;0.0033459
2.653;0.00299287
2.654;0.00265947
2.655;0.00234569
2.656;0.00205157
2.657;0.0017771
2.658;0.0015223
2.659;0.00128718
2.66;0.00107174
2.661;0.000876007
2.662;0.000699976
2.663;0.000543657
2.664;0.000407055
2.665;0.000290176
2.666;0.000193025
2.667;0.000115605
2.668;5.79201e-05
2.669;1.99719e-05
2.67;1.76202e-06
2.671;3.29125e-06
2.672;2.45595e-05
2.673;6.55659e-05
2.674;0.000126309
2.675;0.000206786
2.676;0.000306994
2.677;0.000426929
2.678;0.000566587
2.679;0.000725961
2.68;0.000905046
2.681;0.00110383
2.682;0.00132232
2.683;0.00156049
2.684;0.00181834
2.685;0.00209585
2.686;0.00239302
2.687;0.00270984
2.688;0.00304629
2.689;0.00340236
2.69;0.00377803
2.691;0.00417329
2.692;0.00458813
2.693;0.00502252
2.694;0.00547646
2.695;0.00594992
2.696;0.00644288
2.697;0.00695533
2.698;0.00748724
2.699;0.0080386
2.7;0.00860937
2.701;0.00919955
2.702;0.0098091
2.703;0.010438
2.704;0.0110862
2.705;0.0117538
2.706;0.0124406
2.707;0.0131466
2.708;0.0138719
2.709;0.0146164
2.71;0.01538
2.711;0.0161628
2.712;0.0169646
2.713;0.0177856
2.714;0.0186255
2.715;0.0194845
2.716;0.0203625
2.717;0.0212593
2.718;0.0221751
2.719;0.0231098
2.72;0.0240632
2.721;0.0250355
2.722;0.0260265
2.723;0.0270362
2.724;0.0280646
2.725;0.0291116
2.726;0.0301772
2.727;0.0312614
2.728;0.0323641
2.729;0.0334852
2.73;0.0346247
2.731;0.0357827
2.732;0.0369589
2.733;0.0381534
2.734;0.0393662
2.735;0.0405971
2.736;0.0418462
2.737;0.0431134
2.738;0.0443986
2.739;0.0457018
2.74;0.0470229
2.741;0.0483619
2.742;0.0497187
2.743;0.0510933
2.744;0.0524857
2.745;0.0538957
2.746;0.0553233
2.747;0.0567685
2.748;0.0582311
2.749;0.0597112
2.75;0.0612087
2.751;0.0627235
2.752;0.0642556
2.753;0.0658049
2.754;0.0673713
2.755;0.0689548
2.756;0.0705553
2.757;0.0721728
2.758;0.0738071
2.759;0.0754583
2.76;0.0771263
2.761;0.0788109
2.762;0.0805122
2.763;0.08223
2.764;0.0839643
2.765;0.0857151
2.766;0.0874822
2.767;0.0892655
2.768;0.0910651
2.769;0.0928809
2.77;0.0947127
2.771;0.0965605
2.772;0.0984243
2.773;0.100304
2.774;0.102199
2.775;0.10411
2.776;0.106037
2.777;0.107979
2.778;0.109937
2.779;0.11191
2.78;0.113899
2.781;0.115902
2.782;0.117921
2.783;0.119955
2.784;0.122004
2.785;0.124068
2.786;0.126147
2.787;0.12824
2.788;0.130348
2.789;0.132471
2.79;0.134608
2.791;0.13676
2.792;0.138926
2.793;0.141106
2.794;0.143301
2.795;0.145509
2.796;0.147732
2.797;0.149968
2.798;0.152218
2.799;0.154482
2.8;0.15676
2.801;0.159051
2.802;0.161356
2.803;0.163674
2.804;0.166005
2.805;0.16835
2.806;0.170707
2.807;0.173078
2.808;0.175461
2.809;0.177857
2.81;0.180266
2.811;0.182688
2.812;0.185122
2.813;0.187569
2.814;0.190028
2.815;0.192499
2.816;0.194982
2.817;0.197477
2.818;0.199985
2.819;0.202504
2.82;0.205035
2.821;0.207577
2.822;0.210131
2.823;0.212697
2.824;0.215273
2.825;0.217861
2.826;0.220461
2.827;0.223071
2.828;0.225692
2.829;0.228324
2.83;0.230967
2.831;0.23362
2.832;0.236284
2.833;0.238958
2.834;0.241643
2.835;0.244338
2.836;0.247043
2.837;0.249757
2.838;0.252482
2.839;0.255217
2.84;0.257961
2.841;0.260715
2.842;0.263478
2.843;0.26625
2.844;0.269032
2.845;0.271823
2.846;0.274623
2.847;0.277431
2.848;0.280249
2.849;0.283075
2.85;0.28591
2.851;0.288753
2.852;0.291605
2.853;0.294465
2.854;0.297333
2.855;0.300209
2.856;0.303092
2.857;0.305984
2.858;0.308883
2.859;0.31179
2.86;0.314704
2.861;0.317626
2.862;0.320554
2.863;0.32349
2.864;0.326433
2.865;0.329383
2.866;0.332339
2.867;0.335302
2.868;0.338272
2.869;0.341247
2.87;0.34423
2.871;0.347218
2.872;0.350212
2.873;0.353212
2.874;0.356219
2.875;0.35923
2.876;0.362248
2.877;0.36527
2.878;0.368298
2.879;0.371331
2.88;0.37437
2.881;0.377413
2.882;0.380461
2.883;0.383514
2.884;0.386571
2.885;0.389633
2.886;0.3927
2.887;0.39577
2.888;0.398845
2.889;0.401923
2.89;0.405006
2.891;0.408092
2.892;0.411182
2.893;0.414275
2.894;0.417372
2.895;0.420472
2.896;0.423575
2.897;0.426681
2.898;0.42979
2.899;0.432902
2.9;0.436017
2.901;0.439134
2.902;0.442253
2.903;0.445375
2.904;0.448499
2.905;0.451624
2.906;0.454752
2.907;0.457882
2.908;0.461013
2.909;0.464146
2.91;0.46728
2.911;0.470416
2.912;0.473552
2.913;0.47669
2.914;0.479829
2.915;0.482968
2.916;0.486108
2.917;0.489249
2.918;0.49239
2.919;0.495531
2.92;0.498673
2.921;0.501814
2.922;0.504956
2.923;0.508097
2.924;0.511238
2.925;0.514379
2.926;0.517519
2.927;0.520658
2.928;0.523796
2.929;0.526934
2.93;0.53007
2.931;0.533206
2.932;0.53634
2.933;0.539472
2.934;0.542603
2.935;0.545732
2.936;0.54886
2.937;0.551986
2.938;0.555109
2.939;0.55823
2.94;0.561349
2.941;0.564466
2.942;0.56758
2.943;0.570692
2.944;0.5738
2.945;0.576906
2.946;0.580009
2.947;0.583108
2.948;0.586204
2.949;0.589297
2.95;0.592386
2.951;0.595472
2.952;0.598554
2.953;0.601632
2.954;0.604706
2.955;0.607776
2.956;0.610841
2.957;0.613903
2.958;0.616959
2.959;0.620011
2.96;0.623059
2.961;0.626101
2.962;0.629139
2.963;0.632171
2.964;0.635198
2.965;0.63822
2.966;0.641237
2.967;0.644248
2.968;0.647253
2.969;0.650252
2.97;0.653246
2.971;0.656233
2.972;0.659214
2.973;0.662189
2.974;0.665157
2.975;0.668119
2.976;0.671075
2.977;0.674023
2.978;0.676965
2.979;0.6799
2.98;0.682827
2.981;0.685748
2.982;0.688661
2.983;0.691567
2.984;0.694465
2.985;0.697355
2.986;0.700238
2.987;0.703112
2.988;0.705979
2.989;0.708838
2.99;0.711688
2.991;0.71453
2.992;0.717363
2.993;0.720188
2.994;0.723004
2.995;0.725812
2.996;0.72861
2.997;0.7314
2.998;0.73418
2.999;0.736951
3;0.739713
3.001;0.742465
3.002;0.745208
3.003;0.747941
3.004;0.750664
3.005;0.753377
3.006;0.756081
3.007;0.758774
3.008;0.761457
3.009;0.764129
3.01;0.766792
3.011;0.769443
3.012;0.772084
3.013;0.774715
3.014;0.777334
3.015;0.779943
3.016;0.78254
3.017;0.785127
3.018;0.787702
3.019;0.790265
3.02;0.792818
3.021;0.795358
3.022;0.797887
3.023;0.800405
3.024;0.80291
3.025;0.805404
3.026;0.807885
3.027;0.810354
3.028;0.812811
3.029;0.815256
3.03;0.817688
3.031;0.820108
3.032;0.822515
3.033;0.824909
3.034;0.827291
3.035;0.829659
3.036;0.832015
3.037;0.834357
3.038;0.836686
3.039;0.839002
3.04;0.841305
3.041;0.843594
3.042;0.845869
3.043;0.848131
3.044;0.850379
3.045;0.852614
3.046;0.854834
3.047;0.85704
3.048;0.859232
3.049;0.861411
3.05;0.863574
3.051;0.865724
3.052;0.867859
3.053;0.869979
3.054;0.872085
3.055;0.874176
3.056;0.876253
3.057;0.878314
3.058;0.880361
3.059;0.882393
3.06;0.884409
3.061;0.88641
3.062;0.888397
3.063;0.890367
3.064;0.892323
3.065;0.894263
3.066;0.896187
3.067;0.898095
3.068;0.899988
3.069;0.901866
3.07;0.903727
3.071;0.905572
3.072;0.907402
3.073;0.909215
3.074;0.911012
3.075;0.912793
3.076;0.914557
3.077;0.916305
3.078;0.918037
3.079;0.919753
3.08;0.921451
3.081;0.923133
3.082;0.924799
3.083;0.926447
3.084;0.928079
3.085;0.929694
3.086;0.931292
3.087;0.932873
3.088;0.934436
3.089;0.935983
3.09;0.937512
3.091;0.939024
3.092;0.940519
3.093;0.941997
3.094;0.943457
3.095;0.944899
3.096;0.946324
3.097;0.947731
3.098;0.949121
3.099;0.950493
3.1;0.951847
3.101;0.953183
3.102;0.954501
3.103;0.955802
3.104;0.957084
3.105;0.958349
3.106;0.959595
3.107;0.960823
3.108;0.962033
3.109;0.963225
3.11;0.964398
3.111;0.965553
3.112;0.96669
3.113;0.967808
3.114;0.968908
3.115;0.969989
3.116;0.971052
3.117;0.972096
3.118;0.973121
3.119;0.974128
3.12;0.975116
3.121;0.976086
3.122;0.977036
3.123;0.977968
3.124;0.978881
3.125;0.979775
3.126;0.98065
3.127;0.981506
3.128;0.982343
3.129;0.983161
3.13;0.98396
3.131;0.98474
3.132;0.9855
3.133;0.986242
3.134;0.986964
3.135;0.987667
3.136;0.988351
3.137;0.989015
3.138;0.989661
3.139;0.990287
3.14;0.990893
3.141;0.99148
3.142;0.992048
3.143;0.992596
3.144;0.993125
3.145;0.993635
3.146;0.994125
3.147;0.994595
3.148;0.995046
3.149;0.995477
3.15;0.995889
3.151;0.996281
3.152;0.996654
3.153;0.997007
3.154;0.997341
3.155;0.997654
3.156;0.997948
3.157;0.998223
3.158;0.998478
3.159;0.998713
3.16;0.998928
3.161;0.999124
3.162;0.9993
3.163;0.999456
3.164;0.999593
3.165;0.99971
3.166;0.999807
3.167;0.999884
3.168;0.999942
3.169;0.99998
3.17;0.999998
3.171;0.999997
3.172;0.999975
3.173;0.999934
3.174;0.999874
3.175;0.999793
3.176;0.999693
3.177;0.999573
3.178;0.999433
3.179;0.999274
3.18;0.999095
3.181;0.998896
3.182;0.998678
3.183;0.99844
3.184;0.998182
3.185;0.997904
3.186;0.997607
3.187;0.99729
3.188;0.996954
3.189;0.996598
3.19;0.996222
3.191;0.995827
3.192;0.995412
3.193;0.994977
3.194;0.994524
3.195;0.99405
3.196;0.993557
3.197;0.993045
3.198;0.992513
3.199;0.991961
3.2;0.991391
3.201;0.9908
3.202;0.990191
3.203;0.989562
3.204;0.988914
3.205;0.988246
3.206;0.987559
3.207;0.986853
3.208;0.986128
3.209;0.985384
3.21;0.98462
3.211;0.983837
3.212;0.983035
3.213;0.982214
3.214;0.981374
3.215;0.980515
3.216;0.979638
3.217;0.978741
3.218;0.977825
3.219;0.97689
3.22;0.975937
3.221;0.974965
3.222;0.973974
3.223;0.972964
3.224;0.971935
3.225;0.970888
3.226;0.969823
3.227;0.968739
3.228;0.967636
3.229;0.966515
3.23;0.965375
3.231;0.964217
3.232;0.963041
3.233;0.961847
3.234;0.960634
3.235;0.959403
3.236;0.958154
3.237;0.956887
3.238;0.955601
3.239;0.954298
3.24;0.952977
3.241;0.951638
3.242;0.950281
3.243;0.948907
3.244;0.947514
3.245;0.946104
3.246;0.944677
3.247;0.943232
3.248;0.941769
3.249;0.940289
3.25;0.938791
3.251;0.937276
3.252;0.935744
3.253;0.934195
3.254;0.932629
3.255;0.931045
3.256;0.929445
3.257;0.927827
3.258;0.926193
3.259;0.924542
3.26;0.922874
3.261;0.921189
3.262;0.919488
3.263;0.91777
3.264;0.916036
3.265;0.914285
3.266;0.912518
3.267;0.910734
3.268;0.908935
3.269;0.907119
3.27;0.905287
3.271;0.903439
3.272;0.901576
3.273;0.899696
3.274;0.897801
3.275;0.89589
3.276;0.893963
3.277;0.892021
3.278;0.890063
3.279;0.88809
3.28;0.886101
3.281;0.884098
3.282;0.882079
3.283;0.880045
3.284;0.877996
3.285;0.875932
3.286;0.873853
3.287;0.87176
3.288;0.869652
3.289;0.867529
3.29;0.865392
3.291;0.86324
3.292;0.861074
3.293;0.858894
3.294;0.856699
3.295;0.854491
3.296;0.852268
3.297;0.850032
3.298;0.847782
3.299;0.845518
3.3;0.84324
3.301;0.840949
3.302;0.838644
3.303;0.836326
3.304;0.833995
3.305;0.83165
3.306;0.829293
3.307;0.826922
3.308;0.824539
3.309;0.822143
3.31;0.819734
3.311;0.817312
3.312;0.814878
3.313;0.812431
3.314;0.809972
3.315;0.807501
3.316;0.805018
3.317;0.802523
3.318;0.800015
3.319;0.797496
3.32;0.794965
3.321;0.792423
3.322;0.789869
3.323;0.787303
3.324;0.784727
3.325;0.782139
3.326;0.779539
3.327;0.776929
3.328;0.774308
3.329;0.771676
3.33;0.769033
3.331;0.76638
3.332;0.763716
3.333;0.761042
3.334;0.758357
3.335;0.755662
3.336;0.752957
3.337;0.750243
3.338;0.747518
3.339;0.744783
3.34;0.742039
3.341;0.739285
3.342;0.736522
3.343;0.73375
3.344;0.730968
3.345;0.728177
3.346;0.725377
3.347;0.722569
3.348;0.719751
3.349;0.716925
3.35;0.71409
3.351;0.711247
3.352;0.708395
3.353;0.705535
3.354;0.702667
3.355;0.699791
3.356;0.696908
3.357;0.694016
3.358;0.691117
3.359;0.68821
3.36;0.685296
3.361;0.682374
3.362;0.679446
3.363;0.67651
3.364;0.673567
3.365;0.670617
3.366;0.667661
3.367;0.664698
3.368;0.661728
3.369;0.658753
3.37;0.65577
3.371;0.652782
3.372;0.649788
3.373;0.646788
3.374;0.643781
3.375;0.64077
3.376;0.637752
3.377;0.63473
3.378;0.631702
3.379;0.628669
3.38;0.62563
3.381;0.622587
3.382;0.619539
3.383;0.616486
3.384;0.613429
3.385;0.610367
3.386;0.6073
3.387;0.60423
3.388;0.601155
3.389;0.598077
3.39;0.594994
3.391;0.591908
3.392;0.588818
3.393;0.585725
3.394;0.582628
3.395;0.579528
3.396;0.576425
3.397;0.573319
3.398;0.57021
3.399;0.567098
3.4;0.563983
3.401;0.560866
3.402;0.557747
3.403;0.554625
3.404;0.551501
3.405;0.548376
3.406;0.545248
3.407;0.542118
3.408;0.538987
3.409;0.535854
3.41;0.53272
3.411;0.529584
3.412;0.526448
3.413;0.52331
3.414;0.520171
3.415;0.517032
3.416;0.513892
3.417;0.510751
3.418;0.50761
3.419;0.504469
3.42;0.501327
3.421;0.498186
3.422;0.495044
3.423;0.491903
3.424;0.488762
3.425;0.485621
3.426;0.482481
3.427;0.479342
3.428;0.476204
3.429;0.473066
3.43;0.46993
3.431;0.466794
3.432;0.46366
3.433;0.460528
3.434;0.457397
3.435;0.454268
3.436;0.45114
3.437;0.448014
3.438;0.444891
3.439;0.44177
3.44;0.438651
3.441;0.435534
3.442;0.43242
3.443;0.429308
3.444;0.4262
3.445;0.423094
3.446;0.419991
3.447;0.416892
3.448;0.413796
3.449;0.410703
3.45;0.407614
3.451;0.404528
3.452;0.401446
3.453;0.398368
3.454;0.395294
3.455;0.392224
3.456;0.389159
3.457;0.386097
3.458;0.383041
3.459;0.379989
3.46;0.376941
3.461;0.373899
3.462;0.370861
3.463;0.367829
3.464;0.364802
3.465;0.36178
3.466;0.358763
3.467;0.355752
3.468;0.352747
3.469;0.349748
3.47;0.346754
3.471;0.343767
3.472;0.340786
3.473;0.337811
3.474;0.334843
3.475;0.331881
3.476;0.328925
3.477;0.325977
3.478;0.323035
3.479;0.3201
3.48;0.317173
3.481;0.314252
3.482;0.311339
3.483;0.308433
3.484;0.305535
3.485;0.302645
3.486;0.299762
3.487;0.296888
3.488;0.294021
3.489;0.291162
3.49;0.288312
3.491;0.28547
3.492;0.282637
3.493;0.279812
3.494;0.276996
3.495;0.274188
3.496;0.27139
3.497;0.2686
3.498;0.26582
3.499;0.263049
3.5;0.260287
3.501;0.257535
3.502;0.254792
3.503;0.252059
3.504;0.249336
3.505;0.246623
3.506;0.243919
3.507;0.241226
3.508;0.238543
3.509;0.235871
3.51;0.233208
3.511;0.230557
3.512;0.227916
3.513;0.225285
3.514;0.222666
3.515;0.220057
3.516;0.21746
3.517;0.214873
3.518;0.212298
3.519;0.209735
3.52;0.207182
3.521;0.204642
3.522;0.202113
3.523;0.199595
3.524;0.19709
3.525;0.194596
3.526;0.192115
3.527;0.189646
3.528;0.187189
3.529;0.184744
3.53;0.182312
3.531;0.179892
3.532;0.177485
3.533;0.175091
3.534;0.172709
3.535;0.170341
3.536;0.167985
3.537;0.165643
3.538;0.163314
3.539;0.160998
3.54;0.158695
3.541;0.156406
3.542;0.154131
3.543;0.151869
3.544;0.149621
3.545;0.147386
3.546;0.145166
3.547;0.14296
3.548;0.140768
3.549;0.138589
3.55;0.136426
3.551;0.134276
3.552;0.132141
3.553;0.130021
3.554;0.127915
3.555;0.125824
3.556;0.123747
3.557;0.121686
3.558;0.119639
3.559;0.117607
3.56;0.115591
3.561;0.11359
3.562;0.111603
3.563;0.109633
3.564;0.107677
3.565;0.105737
3.566;0.103813
3.567;0.101905
3.568;0.100012
3.569;0.0981344
3.57;0.0962732
3.571;0.0944278
3.572;0.0925985
3.573;0.0907852
3.574;0.0889882
3.575;0.0872073
3.576;0.0854427
3.577;0.0836945
3.578;0.0819627
3.579;0.0802475
3.58;0.0785488
3.581;0.0768667
3.582;0.0752014
3.583;0.0735528
3.584;0.0719211
3.585;0.0703062
3.586;0.0687083
3.587;0.0671275
3.588;0.0655637
3.589;0.0640171
3.59;0.0624877
3.591;0.0609756
3.592;0.0594808
3.593;0.0580034
3.594;0.0565434
3.595;0.0551009
3.596;0.0536761
3.597;0.0522688
3.598;0.0508792
3.599;0.0495073
3.6;0.0481533
3.601;0.046817
3.602;0.0454987
3.603;0.0441983
3.604;0.0429158
3.605;0.0416515
3.606;0.0404052
3.607;0.0391771
3.608;0.0379671
3.609;0.0367755
3.61;0.035602
3.611;0.034447
3.612;0.0333103
3.613;0.032192
3.614;0.0310922
3.615;0.0300109
3.616;0.0289482
3.617;0.027904
3.618;0.0268785
3.619;0.0258717
3.62;0.0248836
3.621;0.0239143
3.622;0.0229637
3.623;0.022032
3.624;0.0211191
3.625;0.0202252
3.626;0.0193502
3.627;0.0184941
3.628;0.0176571
3.629;0.0168391
3.63;0.0160402
3.631;0.0152604
3.632;0.0144998
3.633;0.0137583
3.634;0.013036
3.635;0.0123329
3.636;0.0116491
3.637;0.0109845
3.638;0.0103393
3.639;0.00971339
3.64;0.00910684
3.641;0.00851966
3.642;0.0079519
3.643;0.00740355
3.644;0.00687465
3.645;0.00636522
3.646;0.00587528
3.647;0.00540485
3.648;0.00495394
3.649;0.00452257
3.65;0.00411077
3.651;0.00371854
3.652;0.0033459
3.653;0.00299287
3.654;0.00265947
3.655;0.00234569
3.656;0.00205157
3.657;0.0017771
3.658;0.0015223
3.659;0.00128718
3.66;0.00107174
3.661;0.000876007
3.662;0.000699976
3.663;0.000543657
3.664;0.000407055
3.665;0.000290176
3.666;0.000193025
3.667;0.000115605
3.668;5.79201e-05
3.669;1.99719e-05
3.67;1.76202e-06
3.671;3.29125e-06
3.672;2.45595e-05
3.673;6.55659e-05
3.674;0.000126309
3.675;0.000206786
3.676;0.000306994
3.677;0.000426929
3.678;0.000566587
3.679;0.000725961
3.68;0.000905046
3.681;0.00110383
3.682;0.00132232
3.683;0.00156049
3.684;0.00181834
3.685;0.00209585
3.686;0.00239302
3.687;0.00270984
3.688;0.00304629
3.689;0.00340236
3.69;0.00377803
3.691;0.00417329
3.692;0.00458813
3.693;0.00502252
3.694;0.00547646
3.695;0.00594992
3.696;0.00644288
3.697;0.00695533
3.698;0.00748724
3.699;0.0080386
3.7;0.00860937
3.701;0.00919955
3.702;0.0098091
3.703;0.010438
3.704;0.0110862
3.705;0.0117538
3.706;0.0124406
3.707;0.0131466
3.708;0.0138719
3.709;0.0146164
3.71;0.01538
3.711;0.0161628
3.712;0.0169646
3.713;0.0177856
3.714;0.0186255
3.715;0.0194845
3.716;0.0203625
3.717;0.0212593
3.718;0.0221751
3.719;0.0231098
3.72;0.0240632
3.721;0.0250355
3.722;0.0260265
3.723;0.0270362
3.724;0.0280646
3.725;0.0291116
3.726;0.0301772
3.727;0.0312614
3.728;0.0323641
3.729;0.0334852
3.73;0.0346247
3.731;0.0357827
3.732;0.0369589
3.733;0.0381534
3.734;0.0393662
3.735;0.0405971
3.736;0.0418462
3.737;0.0431134
3.738;0.0443986
3.739;0.0457018
3.74;0.0470229
3.741;0.0483619
3.742;0.0497187
3.743;0.0510933
3.744;0.0524857
3.745;0.0538957
3.746;0.0553233
3.747;0.0567685
3.748;0.0582311
3.749;0.0597112
3.75;0.0612087
3.751;0.0627235
3.752;0.0642556
3.753;0.0658049
3.754;0.0673713
3.755;0.0689548
3.756;0.0705553
3.757;0.0721728
3.758;0.0738071
3.759;0.0754583
3.76;0.0771263
3.761;0.0788109
3.762;0.0805122
3.763;0.08223
3.764;0.0839643
3.765;0.0857151
3.766;0.0874822
3.767;0.0892655
3.768;0.0910651
3.769;0.0928809
3.77;0.0947127
3.771;0.0965605
3.772;0.0984243
3.773;0.100304
3.774;0.102199
3.775;0.10411
3.776;0.106037
3.777;0.107979
3.778;0.109937
3.779;0.11191
3.78;0.113899
3.781;0.115902
3.782;0.117921
3.783;0.119955
3.784;0.122004
3.785;0.124068
3.786;0.126147
3.787;0.12824
3.788;0.130348
3.789;0.132471
3.79;0.134608
3.791;0.13676
3.792;0.138926
3.793;0.141106
3.794;0.143301
3.795;0.145509
3.796;0.147732
3.797;0.149968
3.798;0.152218
3.799;0.154482
3.8;0.15676
3.801;0.159051
3.802;0.161356
3.803;0.163674
3.804;0.166005
3.805;0.16835
3.806;0.170707
3.807;0.173078
3.808;0.175461
3.809;0.177857
3.81;0.180266
3.811;0.182688
3.812;0.185122
3.813;0.187569
3.814;0.190028
3.815;0.192499
3.816;0.194982
3.817;0.197477
3.818;0.199985
3.819;0.202504
3.82;0.205035
3.821;0.207577
3.822;0.210131
3.823;0.212697
3.824;0.215273
3.825;0.217861
3.826;0.220461
3.827;0.223071
3.828;0.225692
3.829;0.228324
3.83;0.230967
3.831;0.23362
3.832;0.236284
3.833;0.238958
3.834;0.241643
3.835;0.244338
3.836;0.247043
3.837;0.249757
3.838;0.252482
3.839;0.255217
3.84;0.257961
3.841;0.260715
3.842;0.263478
3.843;0.26625
3.844;0.269032
3.845;0.271823
3.846;0.274623
3.847;0.277431
3.848;0.280249
3.849;0.283075
3.85;0.28591
3.851;0.288753
3.852;0.291605
3.853;0.294465
3.854;0.297333
3.855;0.300209
3.856;0.303092
3.857;0.305984
3.858;0.308883
3.859;0.31179
3.86;0.314704
3.861;0.317626
3.862;0.320554
3.863;0.32349
3.864;0.326433
3.865;0.329383
3.866;0.332339
3.867;0.335302
3.868;0.338272
3.869;0.341247
3.87;0.34423
3.871;0.347218
3.872;0.350212
3.873;0.353212
3.874;0.356219
3.875;0.35923
3.876;0.362248
3.877;0.36527
3.878;0.368298
3.879;0.371331
3.88;0.37437
3.881;0.377413
3.882;0.380461
3.883;0.383514
3.884;0.386571
3.885;0.389633
3.886;0.3927
3.887;0.39577
3.888;0.398845
3.889;0.401923
3.89;0.405006
3.891;0.408092
3.892;0.411182
3.893;0.414275
3.894;0.417372
3.895;0.420472
3.896;0.423575
3.897;0.426681
3.898;0.42979
3.899;0.432902
3.9;0.436017
3.901;0.439134
3.902;0.442253
3.903;0.445375
3.904;0.448499
3.905;0.451624
3.906;0.454752
3.907;0.457882
3.908;0.461013
3.909;0.464146
3.91;0.46728
3.911;0.470416
3.912;0.473552
3.913;0.47669
3.914;0.479829
3.915;0.482968
3.916;0.486108
3.917;0.489249
3.918;0.49239
3.919;0.495531
3.92;0.498673
3.921;0.501814
3.922;0.504956
3.923;0.508097
3.924;0.511238
3.925;0.514379
3.926;0.517519
3.927;0.520658
3.928;0.523796
3.929;0.526934
3.93;0.53007
3.931;0.533206
3.932;0.53634
3.933;0.539472
3.934;0.542603
3.935;0.545732
3.936;0.54886
3.937;0.551986
3.938;0.555109
3.939;0.55823
3.94;0.561349
3.941;0.564466
3.942;0.56758
3.943;0.570692
3.944;0.5738
3.945;0.576906
3.946;0.580009
3.947;0.583108
3.948;0.586204
3.949;0.589297
3.95;0.592386
3.951;0.595472
3.952;0.598554
3.953;0.601632
3.954;0.604706
3.955;0.607776
3.956;0.610841
3.957;0.613903
3.958;0.616959
3.959;0.620011
3.96;0.623059
3.961;0.626101
3.962;0.629139
3.963;0.632171
3.964;0.635198
3.965;0.63822
3.966;0.641237
3.967;0.644248
3.968;0.647253
3.969;0.650252
3.97;0.653246
3.971;0.656233
3.972;0.659214
3.973;0.662189
3.974;0.665157
3.975;0.668119
3.976;0.671075
3.977;0.674023
3.978;0.676965
3.979;0.6799
3.98;0.682827
3.981;0.685748
3.982;0.688661
3.983;0.691567
3.984;0.694465
3.985;0.697355
3.986;0.700238
3.987;0.703112
3.988;0.705979
3.989;0.708838
3.99;0.711688
3.991;0.71453
3.992;0.717363
3.993;0.720188
3.994;0.723004
3.995;0.725812
3.996;0.72861
3.997;0.7314
3.998;0.73418
3.999;0.736951
